{
  "timestamp": 1753203356.1532753,
  "version": "0.1.2",
  "benchmarks": {
    "small": {
      "parsing": {
        "mean": 0.00011033999908249825,
        "median": 9.160001354757696e-05,
        "min": 8.279999019578099e-05,
        "max": 0.00023370000417344272,
        "std": 4.743641761098068e-05,
        "iterations": 10,
        "code_size": 2802,
        "lines": 120
      },
      "refactoring": {
        "mean": 3.394000232219696e-05,
        "median": 2.4500011932104826e-05,
        "min": 2.3800006601959467e-05,
        "max": 6.900000153109431e-05,
        "std": 1.968357036282477e-05,
        "iterations": 5,
        "code_size": 2802,
        "lines": 120
      },
      "code_generation": {
        "mean": 5.337000184226781e-05,
        "median": 5.2300019888207316e-05,
        "min": 5.129998316988349e-05,
        "max": 5.9900019550696015e-05,
        "std": 2.6687744882295705e-06,
        "iterations": 10,
        "code_size": 2802,
        "lines": 120,
        "output_size": 2850
      },
      "metadata": {
        "functions": 10,
        "classes": 5,
        "code_size": 2802,
        "lines": 120
      }
    },
    "medium": {
      "parsing": {
        "mean": 0.0002984500053571537,
        "median": 0.00028900000324938446,
        "min": 0.0002521999995224178,
        "max": 0.00037850000080652535,
        "std": 3.9533509548668676e-05,
        "iterations": 10,
        "code_size": 13888,
        "lines": 580
      },
      "refactoring": {
        "mean": 0.00020892000175081192,
        "median": 0.00021200001356191933,
        "min": 0.0001218999968841672,
        "max": 0.00033680000342428684,
        "std": 8.630067984639035e-05,
        "iterations": 5,
        "code_size": 13888,
        "lines": 580
      },
      "code_generation": {
        "mean": 0.00018774000345729293,
        "median": 0.00020155002130195498,
        "min": 0.00010810000821948051,
        "max": 0.0003195000172127038,
        "std": 7.009443728311142e-05,
        "iterations": 10,
        "code_size": 13888,
        "lines": 580,
        "output_size": 13915
      },
      "metadata": {
        "functions": 50,
        "classes": 25,
        "code_size": 13888,
        "lines": 580
      }
    },
    "large": {
      "parsing": {
        "mean": 0.0022907900071004405,
        "median": 0.0022130500146886334,
        "min": 0.0011849000002257526,
        "max": 0.0035306999925523996,
        "std": 0.0007532211231440023,
        "iterations": 10,
        "code_size": 55936,
        "lines": 2305
      },
      "refactoring": {
        "mean": 0.0005099800066091121,
        "median": 0.0004802000185009092,
        "min": 0.00044440000783652067,
        "max": 0.000669100001687184,
        "std": 9.02136440748867e-05,
        "iterations": 5,
        "code_size": 55936,
        "lines": 2305
      },
      "code_generation": {
        "mean": 0.0009497799997916445,
        "median": 0.00086010001541581,
        "min": 0.0006818999827373773,
        "max": 0.0014165999891702086,
        "std": 0.00024005723920370205,
        "iterations": 10,
        "code_size": 55936,
        "lines": 2305,
        "output_size": 55665
      },
      "metadata": {
        "functions": 200,
        "classes": 100,
        "code_size": 55936,
        "lines": 2305
      }
    }
  }
}